https://www.caranddriver.com/afeela/ev-sedan/specs,404,
https://www.caranddriver.com/alfa-romeo/8c/specs,404,
https://www.caranddriver.com/alfa-romeo/33-stradale/specs,404,
https://www.caranddriver.com/alfa-romeo/gtv/specs,404,
https://www.caranddriver.com/aston-martin/one-77/specs,404,
https://www.caranddriver.com/aston-martin/valhalla/specs,404,
https://www.caranddriver.com/aston-martin/valkyrie/specs,404,
https://www.caranddriver.com/audi/a6-e-tron/specs,404,
https://www.caranddriver.com/audi/q6-e-tron/specs,404,
https://www.caranddriver.com/bentley/continental-gt-speed/specs,404,
https://www.caranddriver.com/bmw/6-series-gran-coupe/specs,404,
https://www.caranddriver.com/bmw/i8-m/specs,404,
https://www.caranddriver.com/bmw/m5/specs,302,
https://www.caranddriver.com/bollinger/b1/specs,404,
https://www.caranddriver.com/bollinger/b2/specs,404,
https://www.caranddriver.com/bugatti/chiron/specs,404,
https://www.caranddriver.com/bugatti/divo/specs,404,
https://www.caranddriver.com/bugatti/veyron/specs,404,
https://www.caranddriver.com/buick/electra-e5/specs,404,
https://www.caranddriver.com/byton/m-byte/specs,404,
https://www.caranddriver.com/cadillac/celestiq/specs,404,
https://www.caranddriver.com/cadillac/escalade-escalade-esv/specs,302,
https://www.caranddriver.com/cadillac/escalade-iq/specs,404,
https://www.caranddriver.com/chevrolet/camaro-suv/specs,404,
https://www.caranddriver.com/chevrolet/corvette-ev/specs,404,
https://www.caranddriver.com/chevrolet/corvette-suv/specs,404,
https://www.caranddriver.com/chevrolet/equinox-ev/specs,404,
https://www.caranddriver.com/chevrolet/silverado-ev/specs,404,
https://www.caranddriver.com/chrysler/airflow/specs,404,
https://www.caranddriver.com/chrysler/town---country/specs,404,
https://www.caranddriver.com/dodge/charger-srt/specs,404,
https://www.caranddriver.com/dodge/durango-srt-392/specs,404,
https://www.caranddriver.com/ferrari/296gtb/specs,404,
https://www.caranddriver.com/ferrari/488-pista/specs,404,
https://www.caranddriver.com/ferrari/daytona-sp3/specs,404,
https://www.caranddriver.com/ferrari/purosangue/specs,404,
https://www.caranddriver.com/fiat/500-500c-abarth/specs,404,
https://www.caranddriver.com/fisker/alaska/specs,404,
https://www.caranddriver.com/fisker/pear/specs,404,
https://www.caranddriver.com/fisker/ronin/specs,404,
https://www.caranddriver.com/ford/focus-active/specs,404,
https://www.caranddriver.com/ford/fusion-active/specs,404,
https://www.caranddriver.com/ford/gt/specs,404,
https://www.caranddriver.com/ford/mustang-gtd/specs,404,
https://www.caranddriver.com/ford/mustang-raptor-raptor-r/specs,404,
https://www.caranddriver.com/ford/puma/specs,404,
https://www.caranddriver.com/genesis/gt90/specs,404,
https://www.caranddriver.com/genesis/gv80-coupe/specs,404,
https://www.caranddriver.com/genesis/gv90/specs,404,
https://www.caranddriver.com/gmc/hummer-ev-sut/specs,404,
https://www.caranddriver.com/gmc/sierra-2500hd-3500-hd/specs,404,
https://www.caranddriver.com/gmc/sierra-ev/specs,404,
https://www.caranddriver.com/honda/fcx-clarity/specs,404,
https://www.caranddriver.com/honda/prologue/specs,404,
https://www.caranddriver.com/hummer/h2/specs,404,
https://www.caranddriver.com/hyundai/ioniq-5-n/specs,404,
https://www.caranddriver.com/hyundai/ioniq-7/specs,404,
https://www.caranddriver.com/hyundai/rm20-n/specs,404,
https://www.caranddriver.com/hyundai/santa-fe-hybrid/specs,404,
https://www.caranddriver.com/hyundai/tucson-fuel-cell/specs,404,
https://www.caranddriver.com/jaguar/f-type-r/specs,404,
https://www.caranddriver.com/jaguar/j-pace/specs,404,
https://www.caranddriver.com/jeep/recon-ev/specs,404,
https://www.caranddriver.com/jeep/wagoneer-ev/specs,404,
https://www.caranddriver.com/karma/gs-6/specs,404,
https://www.caranddriver.com/kia/ev5/specs,404,
https://www.caranddriver.com/kia/ev9/specs,404,
https://www.caranddriver.com/kia/stinger/specs,404,
https://www.caranddriver.com/koenigsegg/jesko/specs,404,
https://www.caranddriver.com/koenigsegg/regera/specs,404,
https://www.caranddriver.com/lamborghini/countach/specs,404,
https://www.caranddriver.com/lamborghini/lanzador/specs,404,
https://www.caranddriver.com/lamborghini/revuelto/specs,404,
https://www.caranddriver.com/lamborghini/sian/specs,404,
https://www.caranddriver.com/land-rover/defender-sport/specs,404,
https://www.caranddriver.com/land-rover/range-rover-ev/specs,404,
https://www.caranddriver.com/land-rover/range-rover-sport-sv/specs,404,
https://www.caranddriver.com/land-rover/range-rover-supercharged/specs,404,
https://www.caranddriver.com/lexus/ev-supercar/specs,404,
https://www.caranddriver.com/lexus/tx/specs,404,
https://www.caranddriver.com/lexus/tz/specs,404,
https://www.caranddriver.com/lincoln/star/specs,404,
https://www.caranddriver.com/lotus/eletre/specs,404,
https://www.caranddriver.com/lotus/emeya/specs,404,
https://www.caranddriver.com/lotus/evija/specs,404,
https://www.caranddriver.com/lotus/type-135/specs,404,
https://www.caranddriver.com/lucid-motors/air/specs,404,
https://www.caranddriver.com/lucid-motors/gravity/specs,404,
https://www.caranddriver.com/maserati/granturismo-folgore/specs,404,
https://www.caranddriver.com/maserati/grecale-folgore/specs,404,
https://www.caranddriver.com/mazda/cx-70/specs,404,
https://www.caranddriver.com/mclaren/12c/specs,404,
https://www.caranddriver.com/mclaren/750s/specs,404,
https://www.caranddriver.com/mclaren/elva/specs,404,
https://www.caranddriver.com/mclaren/gt/specs,404,
https://www.caranddriver.com/mclaren/p1/specs,404,
https://www.caranddriver.com/mclaren/senna/specs,404,
https://www.caranddriver.com/mclaren/speedtail/specs,404,
https://www.caranddriver.com/mercedes-amg/a35-a45/specs,404,
https://www.caranddriver.com/mercedes-amg/cla-class/specs,404,
https://www.caranddriver.com/mercedes-amg/cls53-4matic/specs,404,
https://www.caranddriver.com/mercedes-amg/eqe/specs,404,
https://www.caranddriver.com/mercedes-amg/eqe-suv/specs,404,
https://www.caranddriver.com/mercedes-amg/eqs/specs,404,
https://www.caranddriver.com/mercedes-amg/gla-class/specs,404,
https://www.caranddriver.com/mercedes-amg/glc-class/specs,404,
https://www.caranddriver.com/mercedes-amg/glc-class-coupe/specs,404,
https://www.caranddriver.com/mercedes-amg/gle-class/specs,404,
https://www.caranddriver.com/mercedes-amg/gt/specs,404,
https://www.caranddriver.com/mercedes-amg/gt-r/specs,404,
https://www.caranddriver.com/mercedes-amg/gt43-gt53-gt63-gt63-s/specs,404,
https://www.caranddriver.com/mercedes-amg/sl-class/specs,404,
https://www.caranddriver.com/mercedes-benz/cle-class/specs,404,
https://www.caranddriver.com/mercedes-benz/eqa/specs,404,
https://www.caranddriver.com/mercedes-benz/eqc/specs,404,
https://www.caranddriver.com/mercedes-benz/eqg/specs,404,
https://www.caranddriver.com/mercedes-benz/esprinter/specs,404,
https://www.caranddriver.com/mercedes-benz/f-cell/specs,404,
https://www.caranddriver.com/mercedes-benz/gla45-amg/specs,404,
https://www.caranddriver.com/mercedes-maybach/eqs-suv/specs,404,
https://www.caranddriver.com/mercedes-maybach/gls-class/specs,404,
https://www.caranddriver.com/mercedes-maybach/s-class/specs,404,
https://www.caranddriver.com/mercedes-maybach/sl-class/specs,404,
https://www.caranddriver.com/mini/aceman/specs,404,
https://www.caranddriver.com/mini/cooper-electric/specs,404,
https://www.caranddriver.com/mini/countryman/specs,404,
https://www.caranddriver.com/mini/countryman-electric/specs,404,
https://www.caranddriver.com/nikola/badger/specs,404,
https://www.caranddriver.com/pagani/huayra/specs,404,
https://www.caranddriver.com/pagani/utopia/specs,404,
https://www.caranddriver.com/polestar/polestar-3/specs,404,
https://www.caranddriver.com/polestar/polestar-4/specs,404,
https://www.caranddriver.com/polestar/polestar-5/specs,404,
https://www.caranddriver.com/polestar/polestar-6/specs,404,
https://www.caranddriver.com/porsche/718-ev/specs,404,
https://www.caranddriver.com/porsche/cayenne-coupe-turbo-turbo-s-turbo-gt/specs,404,
https://www.caranddriver.com/porsche/cayenne-ev/specs,404,
https://www.caranddriver.com/porsche/cayenne-turbo-turbo-s-turbo-gt/specs,404,
https://www.caranddriver.com/porsche/macan-ev/specs,404,
https://www.caranddriver.com/ram/1500-rev/specs,404,
https://www.caranddriver.com/ram/promaster-ev/specs,404,
https://www.caranddriver.com/ram/rampage/specs,404,
https://www.caranddriver.com/rimac/nevera/specs,404,
https://www.caranddriver.com/rivian/r2s/specs,404,
https://www.caranddriver.com/rolls-royce/ghost-series-ii/specs,404,
https://www.caranddriver.com/rolls-royce/spectre/specs,404,
https://www.caranddriver.com/scout/pickup/specs,404,
https://www.caranddriver.com/scout/suv/specs,404,
https://www.caranddriver.com/spyker/c8/specs,404,
https://www.caranddriver.com/tesla/cybertruck/specs,404,
https://www.caranddriver.com/toyota/bz3x/specs,404,
https://www.caranddriver.com/toyota/bz5x/specs,404,
https://www.caranddriver.com/toyota/compact-cruiser/specs,404,
https://www.caranddriver.com/toyota/corolla-pickup/specs,404,
https://www.caranddriver.com/toyota/gr-supra/specs,404,
https://www.caranddriver.com/toyota/gr86/specs,404,
https://www.caranddriver.com/toyota/prius-v/specs,404,
https://www.caranddriver.com/toyota/tacoma/specs,302,
https://www.caranddriver.com/toyota/tacoma-electric/specs,404,
https://www.caranddriver.com/vinfast/vf6/specs,404,
https://www.caranddriver.com/vinfast/vf7/specs,404,
https://www.caranddriver.com/volkswagen/id-4/specs,404,
https://www.caranddriver.com/volkswagen/id-7/specs,404,
https://www.caranddriver.com/volkswagen/id-8/specs,404,
https://www.caranddriver.com/volkswagen/id-buzz/specs,404,
https://www.caranddriver.com/volvo/ex30/specs,404,
https://www.caranddriver.com/volvo/ex90/specs,404,
https://www.caranddriver.com/volvo/v60-v60-cross-country/specs,404,
